{
    "results": {
        "tool": {
            "name": "pytest",
            "version": "8.4.1"
        },
        "summary": {
            "tests": 2,
            "passed": 2,
            "failed": 0,
            "skipped": 0,
            "pending": 0,
            "other": 0,
            "start": 1782396248.3926218,
            "stop": 1782396248.7392817
        },
        "tests": [
            {
                "name": "test_outputs.py::test_about_file",
                "status": "passed",
                "duration": 0.0007207957096397877,
                "start": 1782396248.736916,
                "stop": 1782396248.7379105,
                "retries": 0,
                "file_path": "test_outputs.py"
            },
            {
                "name": "test_outputs.py::test_layout_file",
                "status": "passed",
                "duration": 0.0006742510013282299,
                "start": 1782396248.73816,
                "stop": 1782396248.7390394,
                "retries": 0,
                "file_path": "test_outputs.py"
            }
        ]
    }
}