{
    "results": {
        "tool": {
            "name": "pytest",
            "version": "8.4.1"
        },
        "summary": {
            "tests": 2,
            "passed": 2,
            "failed": 0,
            "skipped": 0,
            "pending": 0,
            "other": 0,
            "start": 1782420401.4638782,
            "stop": 1782420401.541059
        },
        "tests": [
            {
                "name": "test_outputs.py::test_about_file",
                "status": "passed",
                "duration": 0.0005611120723187923,
                "start": 1782420401.5393736,
                "stop": 1782420401.5401566,
                "retries": 0,
                "file_path": "test_outputs.py"
            },
            {
                "name": "test_outputs.py::test_layout_file",
                "status": "passed",
                "duration": 0.00043344730511307716,
                "start": 1782420401.5403438,
                "stop": 1782420401.5409064,
                "retries": 0,
                "file_path": "test_outputs.py"
            }
        ]
    }
}